﻿"backup_id","_id","_sync_account","_sync_account_type","_sync_id","_sync_version","_sync_time","_sync_local_id","_sync_dirty","_sync_mark","url","name","displayName","hidden","color","access_level","selected","sync_events","location","timezone","ownerAccount","organizerCanRespond","_jsbackup_is_syncable"
"14","1","Phone","com.android.huawei.phone","","","","","","","","","Phone","","-1291730446","700","","1","","GMT","Phone","1","0"
"14","3","rugerparty@gmail.com","com.google","","","","","","","","rugerparty@gmail.com","rugerparty@gmail.com","","-6299161","700","","1","","UTC","rugerparty@gmail.com","1","1"
"14","4","superbosssu@gmail.com","com.google","","","","","","","","superbosssu@gmail.com","superbosssu@gmail.com","","-6299161","700","","1","","UTC","superbosssu@gmail.com","1","1"
"14","7","cenaserver@gmail.com","com.google","","","","","","","","cenaserver@gmail.com","cenaserver@gmail.com","","-6299161","700","","1","","UTC","cenaserver@gmail.com","1","1"
