﻿"backup_id","_id","_sync_account","_sync_account_type","_sync_dirty","_sync_id","_sync_local_id","_sync_time","_sync_version","allDay","calendar_id","commentsUri","deleted","description","dtend","dtstart","duration","eventLocation","eventStatus","eventTimezone","exdate","exrule","guestsCanInviteOthers","guestsCanModify","guestsCanSeeGuests","hasAlarm","hasAttendeeData","hasExtendedProperties","htmlUri","lastDate","organizer","originalAllDay","originalEvent","originalInstanceTime","rdate","rrule","selfAttendeeStatus","title","transparency","visibility"
"14","216","superbosssu@gmail.com","com.google","","6dhm2chjcdgm2bb16osmcb9kcormabb16ssm8b9o64qj2dhnccqm8cpp70","","","","0","4","","0","F U HOE","1524504600000","1524501000000","","409 West Center Street, Manteca, CA 95336","1","America/Los_Angeles","","","1","0","1","0","1","0","","1524504600000","superbosssu@gmail.com","","","","","","0","","","1"
"14","217","superbosssu@gmail.com","com.google","","_6tlnaqrle5p6cpb4dhmj4phpegs68sbm69h3itbb6djm2pb475q6uohjdplmeqbhd4smid3ccti34r33cpom6tb6edj78tbbdor6udhid0ome","","","","0","4","","0","To see detailed information for automatically created events like this one, use the official Google Calendar app. https://g.co/calendar

This event was created from an email you received in Gmail. https://mail.google.com/mail?extsrc=cal&plid=ACUX6DPVzJUngP7oWThpSWtmjC7idkEGgPyGTWY
","1537404300000","1537286400000","","San Jose McEnery Convention Center, 150 West San Carlos Street, San Jose, CA, US, 95113","1","UTC","","","0","0","1","1","1","0","","1537404300000","unknownorganizer@calendar.google.com","","","","","","1","Couchbase Connect Silicon Valley 2018","","1"
"14","218","cenaserver@gmail.com","com.google","","c9h6cdpmclj38bb360p32b9k68qj8bb2ccqjibb5ckojec1kc8s6ap9lc4","","","","1","7","","0","For details, link here: https://www.eventbrite.com/e/couchbase-connect-silicon-valley-2018-registration-48004806669","1537401600000","1537228800000","","San Jose McEnery Convention Center - 150 West San Carlos Street - San Jose, CA 95113","1","UTC","","","1","0","1","0","1","1","","1537401600000","cenaserver@gmail.com","","","","","","0","Couchbase Connect Silicon Valley 2018","","1"
