﻿"backup_id","_id","in_visible_group","custom_ringtone","last_time_contacted","photo_id","starred","sort_key","sort_key_alt","has_phone_number","display_name","display_name_source","display_name_alt","send_to_voicemail","phonetic_name","phonetic_name_style","lookup","times_contacted"
"14","2","0","","0","","0","Cricket Customer Care","Cricket Customer Care","1","Cricket Customer Care","40","Cricket Customer Care","0","","0","1885r2-2D4B392D3D314F2D514D4F4541314B2D294B31","0"
"14","18","1","","1545261951258","","1","+12097898730","+12097898730","1","+12097898730","20","+12097898730","0","","0","1885r18-1416122420222422201812","2"
"14","20","1","","0","145","1","jeanne@hansonrobotics.com","jeanne@hansonrobotics.com","0","jeanne@hansonrobotics.com","10","jeanne@hansonrobotics.com","0","","0","3197i7910356208ac8c95","0"
"14","21","1","","0","","0","Keller Williams","Williams, Keller","1","Keller Williams","40","Williams, Keller","0","","0","3197i6da50ee209043377","0"
"14","22","1","","0","137","0","Gateway","Gateway","1","Gateway","40","Gateway","0","","0","3197i5f4e2bf88cf70a0a","0"
"14","23","1","","0","153","1","melany ochoa","ochoa, melany","0","melany ochoa","40","ochoa, melany","0","","0","3197i3cf5bc798fae6d97","0"
"14","24","1","","0","","1","Jake Archibald","Archibald, Jake","0","Jake Archibald","40","Archibald, Jake","0","","0","3197ic89c3d809ce3a0d","0"
"14","25","1","","0","","0","209) 594-4738","209) 594-4738","1","209) 594-4738","20","209) 594-4738","0","","0","1885r17-1612241C241A1A201822.2639i633c7bdf0880deb5","0"
"14","26","1","","0","","1","security@nodejs.org","security@nodejs.org","0","security@nodejs.org","10","security@nodejs.org","0","","0","2639i2d7713a20b0a633f","0"
"14","27","1","","0","","0","Toni","Toni","0","Toni","40","Toni","0","","0","2639i63dfa20888c626e7","0"
