﻿"backup_id","_id","title","notes","system_id","deleted","group_visible","should_sync","account_name","account_type","sourceid","dirty","version","sync1","sync2","sync3","sync4","_jsbackup_is_syncable"
"14","1","Account Service","","","0","0","1","Phone","com.android.huawei.phone","","1","1","PREDEFINED_ATT_OTHER_GROUP","","","","0"
"14","22","My Contacts","","Contacts","0","1","1","superbosssu@gmail.com","com.google","6","0","3","","","","","1"
"14","23","Starred in Android","","","0","1","1","superbosssu@gmail.com","com.google","4888ebc70f59ff69","0","2","","zxXhZ9AARFY=","1523633124567001","","1"
"14","24","My Contacts","","Contacts","0","1","1","rugerparty@gmail.com","com.google","6","0","3","","","","","1"
"14","25","Starred in Android","","","0","1","1","rugerparty@gmail.com","com.google","7be597a889cd1f98","0","2","","6e4KhJZu59E=","1537895954633001","","1"
"14","26","My Contacts","","Contacts","0","1","1","cenaserver@gmail.com","com.google","6","0","3","","","","","1"
"14","27","Starred in Android","","","0","1","1","cenaserver@gmail.com","com.google","1b71b54a8dbba823","0","2","","3Ws9tZdkNsc=","1520067141581001","","1"
"14","30","Friends","","Friends","0","0","1","rugerparty@gmail.com","com.google","d","0","1","","","","","1"
"14","31","Family","","Family","0","0","1","rugerparty@gmail.com","com.google","e","0","1","","","","","1"
"14","32","Coworkers","","Coworkers","0","0","1","rugerparty@gmail.com","com.google","f","0","1","","","","","1"
"14","36","Friends","","Friends","0","0","1","superbosssu@gmail.com","com.google","d","0","1","","","","","1"
"14","37","Family","","Family","0","0","1","superbosssu@gmail.com","com.google","e","0","1","","","","","1"
"14","38","Coworkers","","Coworkers","0","0","1","superbosssu@gmail.com","com.google","f","0","1","","","","","1"
"14","39","Friends","","Friends","0","0","1","cenaserver@gmail.com","com.google","d","0","1","","","","","1"
"14","40","Family","","Family","0","0","1","cenaserver@gmail.com","com.google","e","0","1","","","","","1"
"14","41","Coworkers","","Coworkers","0","0","1","cenaserver@gmail.com","com.google","f","0","1","","","","","1"
