﻿"key","value"
"externalStoragePaths","{""1"":""\/storage\/emulated\/0"",""6"":""\/storage\/emulated\/0"",""12"":""\/storage\/emulated\/0""}"
"device","HWH1711-Q"
"timezoneOffset","-28800000"
"simOperator",""
"user","test"
"localeCountry","US"
"fingerPrint","HUAWEI/H1711z/HWH1711-Q:7.0/HUAWEIH1711z/C153B120:user/release-keys"
"scheduleRRule",""
"id","HUAWEIH1711z"
"activeNetowrkType","*WIFI,BLUETOOTH,MOBILE_FOTA,MOBILE_IMS,MOBILE_CBS,MOBILE_IA,MOBILE_EMERGENCY,VPN,MOBILE_BIP0,MOBILE_BIP1,MOBILE_BIP2,MOBILE_BIP3,MOBILE_BIP4,MOBILE_BIP5,MOBILE_BIP6,MOBILE_XCAP"
"manufacturer","HUAWEI"
"sdkRelease","7.0"
"sdkCodeName","REL"
"type","user"
"apiLevel","24"
"host","siajk042cna"
"time","1500790192000"
"board","QC_Reference_Phone"
"backupDataVersion","5"
"display","H1711zC153B120"
"brand","HUAWEI"
"scheduleDtStart",""
"localeLanguage","en"
"timezoneDisplayName","Pacific Standard Time"
"uid","0d50b93a-2a6b-46b1-9109-a59bf9a265d1"
"timezoneId","America/Los_Angeles"
"cpuAbi","armeabi-v7a"
"zipEncoding","UTF-8"
"timezoneUseDaylightTime","true"
"product","H1711z"
"model","H1711z"
"sdkIncremental","C153B120"
