﻿"backup_id","_id","deleted","contact_id","aggregation_mode","custom_ringtone","send_to_voicemail","times_contacted","last_time_contacted","starred","display_name","display_name_alt","display_name_source","phonetic_name","phonetic_name_style","sort_key","sort_key_alt","account_name","account_type","sourceid","dirty","version","sync1","sync2","sync3","sync4","_jsbackup_is_syncable"
"14","2","0","2","0","","0","0","","0","Cricket Customer Care","Cricket Customer Care","40","","0","Cricket Customer Care","Cricket Customer Care","Phone","com.android.huawei.phone","","1","3","","","","1","0"
"14","17","0","25","0","","0","0","","0","2095944738","2095944738","20","","0","2095944738","2095944738","Phone","com.android.huawei.phone","","1","4","","","","","0"
"14","18","0","18","0","","0","2","1545261951258","1","+12097898730","+12097898730","20","","0","+12097898730","+12097898730","Phone","com.android.huawei.phone","","1","5","","","","","0"
"14","20","0","24","0","","0","0","","1","Jake Archibald","Archibald, Jake","40","","0","Jake Archibald","Archibald, Jake","superbosssu@gmail.com","com.google","c89c3d809ce3a0d","0","2","","#rHdyvM8BeKI=","1541946086698001","","1"
"14","21","0","21","0","","0","0","","0","Keller Williams","Williams, Keller","40","","0","Keller Williams","Williams, Keller","superbosssu@gmail.com","com.google","6da50ee209043377","0","2","","#dHROtfXRKmo=","1541946088252000","","1"
"14","22","0","22","0","","0","0","","0","Gateway","Gateway","40","","0","Gateway","Gateway","superbosssu@gmail.com","com.google","5f4e2bf88cf70a0a","0","4","","#HLE7FyMtXmM=","1541946089791000","","1"
"14","23","0","20","0","","0","0","","1","jeanne@hansonrobotics.com","jeanne@hansonrobotics.com","10","","0","jeanne@hansonrobotics.com","jeanne@hansonrobotics.com","superbosssu@gmail.com","com.google","7910356208ac8c95","0","4","","#+9h9Y9iebyA=","1541946090895001","","1"
"14","24","0","23","0","","0","0","","1","melany ochoa","ochoa, melany","40","","0","melany ochoa","ochoa, melany","superbosssu@gmail.com","com.google","3cf5bc798fae6d97","0","4","","#ObG9EhzRmCs=","1541946091922001","","1"
"14","25","0","27","0","","0","0","","0","Toni","Toni","40","","0","Toni","Toni","cenaserver@gmail.com","com.google","63dfa20888c626e7","0","2","","#iIdQro9Yrco=","1532002706062001","","1"
"14","26","0","26","0","","0","0","","1","security@nodejs.org","security@nodejs.org","10","","0","security@nodejs.org","security@nodejs.org","cenaserver@gmail.com","com.google","2d7713a20b0a633f","0","2","","#kLbQPaHu+VI=","1527461783462001","","1"
"14","27","0","25","0","","0","0","","0","209) 594-4738","209) 594-4738","20","","0","209) 594-4738","209) 594-4738","cenaserver@gmail.com","com.google","633c7bdf0880deb5","0","4","","#+oVrX4FnfvY=","1544746273609001","","1"
